0,1.9985e-05
1080,0.00908124
1100,0.00906897
1120,0.0120917
1140,0.0121254
1160,0.0151194
1180,0.0151704
1200,0.0180526
1220,0.0171899
1240,0.019982
1260,0.0199801
1280,0.0227835
1300,0.0228223
1320,0.0254429
1340,0.0226967
1360,0.0250865
1380,0.0251487
1400,0.0276572
1420,0.0276827
1440,0.0300126
1460,0.0301594
1480,0.0325769
1500,0.0326554
1520,0.0348394
1540,0.0348766
1560,0.0373436
1580,0.0373753
1600,0.0400159
1620,0.0400632
1640,0.0426612
1660,0.042687
1680,0.045195
1700,0.0451639
1720,0.0476004
1740,0.0477044
1760,0.0501824
1780,0.0501942
1800,0.05272
1820,0.052769
1840,0.0552766
1860,0.0553089
1880,0.0578616
1900,0.0579015
1920,0.0605241
1940,0.0604705
1960,0.0630032
1980,0.0629413
2000,0.0629473
2020,0.0630255
2040,0.0629849
2060,0.0629367
2080,0.0629448
2100,0.0629226
2120,0.063055
2140,0.0630613
2160,0.0630132
2180,0.0631166
2200,0.0630025
2220,0.0629244
2240,0.0630329
2260,0.0630629
2280,0.0630099
2300,0.0630498
2320,0.0630426
2340,0.0630401
2360,0.0630519
2380,0.0630037
2400,0.0629952
2420,0.0630224
2440,0.0628879
2460,0.0630428
2480,0.0629594
2500,0.063053
2520,0.0630282
2540,0.0630267
2560,0.0629434
2580,0.0629878
2600,0.0629505
2620,0.0630498
2640,0.0629467
2660,0.0630513
2680,0.0629004
2700,0.0630945
2720,0.0630974
2740,0.0629942
2760,0.0629633
2780,0.0629771
2800,0.0630628
2820,0.0629516
2840,0.0629817
2860,0.0630817
2880,0.0630001
2900,0.0629974
2920,0.0630537
2940,0.0629455
2960,0.0630602
2980,0.0629868
3000,0.0630725
3020,0.0629527
3040,0.0630538
3060,0.0630804
3080,0.0629776
3100,0.0630791
3120,0.0629689
3140,0.0631766
3160,0.062975
3180,0.063003
3200,0.0629831
3220,0.0629674
3240,0.0629966
3260,0.0630327
3280,0.0629177
3300,0.0630842
3320,0.062998
3340,0.0630865
3360,0.0630083
3380,0.0630495
3400,0.0630042
3420,0.0629489
3440,0.0629724
3460,0.0630863
3480,0.0629224
3500,0.0630627
3520,0.0629592
3540,0.0630575
3560,0.0629716
3580,0.0630301
3600,0.0630164
3620,0.0629148
3640,0.0630355
3660,0.0630992
3680,0.0630498
3700,0.0630751
3720,0.0629579
3740,0.0630327
3760,0.0629558
3780,0.0629622
3800,0.0630177
3820,0.0629445
3840,0.0630214
3860,0.0630114
3880,0.0629378
3900,0.0630796
3920,0.0629149
3940,0.0630009
3960,0.063067
3980,0.062878
4000,0.0629429
4020,0.0630159
4040,0.0629681
4060,0.0630598
4080,0.0629937
4100,0.0630114
4120,0.0629962
4140,0.0630502
4160,0.0629833
4180,0.0630286
4200,0.0630317
4220,0.0629874
4240,0.0629429
4260,0.0630705
4280,0.0629784
4300,0.0629908
4320,0.0629521
4340,0.0630551
4360,0.0629051
4380,0.0630865
4400,0.0629611
4420,0.0629328
4440,0.0630204
4460,0.0630145
4480,0.0629643
4500,0.0629221
4520,0.0629838
4540,0.0630891
4560,0.0628603
4580,0.0629792
4600,0.0630086
4620,0.0630273
4640,0.0630143
4660,0.0630763
4680,0.0629979
4700,0.0629326
4720,0.0630313
4740,0.0630946
4760,0.0630506
4780,0.0630413
4800,0.0631146
4820,0.0630173
4840,0.0630421
4860,0.0630467
4880,0.0631132
4900,0.0630641
4920,0.062996
4940,0.0631001
4960,0.0630209
4980,0.0629181
5000,0.0629977
5020,0.0630449
5040,0.0630254
5060,0.0630199
5080,0.0629757
5100,0.0629753
5120,0.0630108
5140,0.0630093
5160,0.0629998
5180,0.0630077
5200,0.063002
5220,0.0630045
5240,0.0630121
5260,0.0629704
5280,0.0629505
5300,0.0630706
5320,0.0629764
5340,0.0630416
5360,0.0630271
5380,0.0630416
5400,0.0630246
5420,0.0630252
5440,0.0630542
5460,0.0629842
5480,0.0630427
5500,0.0629601
5520,0.062956
5540,0.0630333
5560,0.0629846
5580,0.0629747
5600,0.0630577
5620,0.062988
5640,0.0629407
5660,0.0630674
5680,0.0630795
5700,0.0630058
5720,0.0630512
5740,0.0630327
5760,0.0629498
5780,0.0630224
5800,0.0631004
5820,0.0630373
5840,0.0630733
5860,0.0630855
5880,0.0630041
5900,0.0630605
5920,0.0630717
5940,0.0630675
5960,0.0630522
5980,0.0629835
6000,0.0630012
6020,0.0631517
6040,0.0629422
6060,0.0630942
6080,0.0629673
6100,0.062984
6120,0.0630074
6140,0.0631104
6160,0.0629803
6180,0.0630296
6200,0.0629588
6220,0.0630873
6240,0.0629254
6260,0.0630474
6280,0.0629535
6300,0.0629173
6320,0.0630068
6340,0.0630767
6360,0.0629866
6380,0.0629801
6400,0.0629674
6420,0.0630545
6440,0.0630151
6460,0.0630376
6480,0.0629379
6500,0.0629025
6520,0.0629427
6540,0.0630203
6560,0.0630443
6580,0.0631125
6600,0.0629838
6620,0.0630106
6640,0.0628635
6660,0.0630673
6680,0.0630098
6700,0.0630873
6720,0.0630586
6740,0.0629962
6760,0.0629494
6780,0.0631184
6800,0.0629578
6820,0.0630531
6840,0.0630103
6860,0.0630325
6880,0.0630055
6900,0.0630121
6920,0.0630102
6940,0.0631158
6960,0.0630452
6980,0.0630031
7000,0.0629762
7020,0.0629779
7040,0.0630668
7060,0.0630091
7080,0.0630337
7100,0.0631189
7120,0.0630472
7140,0.0630285
7160,0.0630778
7180,0.0630172
7200,0.0630856
7220,0.0630546
7240,0.0629411
7260,0.0630989
7280,0.0629452
7300,0.0629499
7320,0.0629313
7340,0.0630551
7360,0.0630164
7380,0.0630761
7400,0.0629745
7420,0.0630126
7440,0.0629667
7460,0.0630147
7480,0.0629213
7500,0.0629253
7520,0.0630548
7540,0.0630424
7560,0.0630631
7580,0.0630338
7600,0.0629858
7620,0.0630724
7640,0.0630503
7660,0.0630095
7680,0.0629707
7700,0.0630753
7720,0.0629333
7740,0.0630565
7760,0.0629585
7780,0.0629526
7800,0.063022
7820,0.0630714
7840,0.0631039
7860,0.0630748
7880,0.0629456
7900,0.0629932
7920,0.0630572
7940,0.0631307
7960,0.0629686
7980,0.0631068
8000,0.0630703
8020,0.0630032
8040,0.0630464
8060,0.0629499
8080,0.0630849
8100,0.0630252
8120,0.0629393
8140,0.0630063
8160,0.0629621
8180,0.0630997
8200,0.0630434
8220,0.0630014
8240,0.0630529
8260,0.0630365
8280,0.0628976
8300,0.0630814
8320,0.0630024
8340,0.0630434
8360,0.0629492
8380,0.062983
8400,0.0630073
8420,0.0629795
8440,0.0629573
8460,0.0629771
8480,0.0630216
8500,0.0630098
8520,0.0630424
8540,0.0629424
8560,0.062939
8580,0.0629892
8600,0.0629883
8620,0.063094
8640,0.0630065
8660,0.063104
8680,0.0631725
8700,0.0631186
8720,0.0630487
8740,0.0630548
8760,0.0630539
8780,0.0632938
8800,0.0631239
8820,0.0630786
8840,0.0629447
8860,0.0631471
8880,0.0631465
8900,0.0631185
8920,0.0630074
8940,0.0631262
8960,0.0630232
8980,0.0631848
9000,0.0631034
9020,0.0631356
9040,0.0631083
9060,0.0631118
9080,0.0604872
9100,0.0606766
9120,0.0580782
9140,0.0581273
9160,0.0557034
9180,0.055638
9200,0.0530575
9220,0.0531195
9240,0.0507229
9260,0.0506263
9280,0.0481946
9300,0.0481027
9320,0.0455745
9340,0.0457663
9360,0.0431845
9380,0.0431586
9400,0.0405354
9420,0.0405022
9440,0.0381214
9460,0.0381117
9480,0.0356284
9500,0.0355838
9520,0.0329688
9540,0.0330329
9560,0.0306288
9580,0.0305434
9600,0.0280625
9620,0.027962
9640,0.0254339
9660,0.0255407
9680,0.0230259
9700,0.0230653
9720,0.0204619
9740,0.0204041
9760,0.0178459
9780,0.0180641
9800,0.0154857
9820,0.0153771
9840,0.0128398
9860,0.0128673
9880,0.0102894
9900,0.0102762
9920,0.00750661
9940,0.00751674
