0,6.858e-06
1080,0.00186538
1100,0.00186058
1120,0.00243564
1140,0.00243817
1160,0.00302275
1180,0.00302643
1200,0.00362386
1220,0.00362876
1240,0.0042195
1260,0.00424236
1280,0.0048357
1300,0.00482666
1320,0.00543018
1340,0.00542396
1360,0.00601942
1380,0.00600732
1400,0.00662073
1420,0.00661788
1440,0.00722793
1460,0.00721026
1480,0.0078065
1500,0.0077857
1520,0.00839694
1540,0.00837084
1560,0.00898798
1580,0.00897824
1600,0.00957686
1620,0.00956042
1640,0.0101547
1660,0.0101372
1680,0.0107337
1700,0.0107217
1720,0.0113208
1740,0.0113008
1760,0.0119013
1780,0.0118805
1800,0.0124632
1820,0.0124399
1840,0.0130292
1860,0.0130072
1880,0.0136122
1900,0.0117902
1920,0.0141917
1940,0.0141733
1960,0.0147593
1980,0.0127665
2000,0.0147389
2020,0.0147344
2040,0.0128058
2060,0.0147465
2080,0.014764
2100,0.0147223
2120,0.0128075
2140,0.0147229
2160,0.0147408
2180,0.0087571
2200,0.0128074
2220,0.0147333
2240,0.00877452
2260,0.0147381
2280,0.0127884
2300,0.00875724
2320,0.014736
2340,0.0103203
2360,0.0127889
2380,0.00876526
2400,0.00908316
2420,0.00837809
2440,0.00876949
2460,0.0127688
2480,0.00853735
2500,0.00837889
2520,0.0087738
2540,0.0127823
2560,0.00854822
2580,0.00837743
2600,0.00876698
2620,0.00851966
2640,0.0127849
2660,0.00839124
2680,0.00875618
2700,0.00852881
2720,0.00838408
2740,0.00741491
2760,0.00876063
2780,0.00852118
2800,0.00837732
2820,0.00740607
2840,0.00875752
2860,0.00846837
2880,0.00837751
2900,0.00740556
2920,0.00875583
2940,0.00825273
2960,0.00837829
2980,0.0074001
3000,0.00875648
3020,0.00826043
3040,0.00740992
3060,0.00837117
3080,0.00670411
3100,0.00826163
3120,0.00740828
3140,0.00836863
3160,0.00651944
3180,0.00825575
3200,0.00740033
3220,0.00837659
3240,0.00605443
3260,0.00825812
3280,0.00715257
3300,0.0083704
3320,0.00617657
3340,0.00825976
3360,0.00714778
3380,0.00602778
3400,0.00609361
3420,0.00713594
3440,0.00634814
3460,0.00586005
3480,0.00615872
3500,0.00640432
3520,0.0071467
3540,0.00617694
3560,0.00607885
3580,0.00627462
3600,0.00607672
3620,0.00713853
3640,0.00585702
3660,0.00608673
3680,0.00599177
3700,0.00714602
3720,0.00621248
3740,0.00639764
3760,0.00624144
3780,0.00659435
3800,0.00607038
3820,0.00623901
3840,0.00610375
3860,0.00633258
3880,0.00590875
3900,0.00607524
3920,0.00599226
3940,0.00602383
3960,0.00592139
3980,0.00619778
4000,0.00617056
4020,0.00615641
4040,0.00592071
4060,0.00606522
4080,0.00604287
4100,0.00583724
4120,0.00607149
4140,0.00600003
4160,0.00591781
4180,0.00596249
4200,0.00585537
4220,0.00609209
4240,0.00606986
4260,0.00587571
4280,0.00615638
4300,0.0060232
4320,0.00601312
4340,0.0058428
4360,0.00601844
4380,0.00598163
4400,0.00600367
4420,0.00583575
4440,0.0058504
4460,0.00598112
4480,0.00595158
4500,0.00580306
4520,0.00609294
4540,0.00592817
4560,0.00595294
4580,0.00578489
4600,0.00597091
4620,0.00591282
4640,0.00595332
4660,0.00584186
4680,0.00591424
4700,0.00603908
4720,0.0059533
4740,0.00578538
4760,0.00597706
4780,0.00595924
4800,0.00607477
4820,0.00579103
4840,0.00592799
4860,0.0059259
4880,0.00610095
4900,0.00584815
4920,0.00591194
4940,0.00598417
4960,0.00595721
4980,0.00580436
5000,0.00586051
5020,0.00588718
5040,0.00607151
5060,0.00578726
5080,0.00585511
5100,0.00584019
5120,0.006071
5140,0.00591137
5160,0.0058531
5180,0.00604257
5200,0.00583473
5220,0.00582472
5240,0.0058531
5260,0.00596443
5280,0.00627753
5300,0.00578108
5320,0.00601018
5340,0.00583888
5360,0.00622734
5380,0.00584095
5400,0.00602219
5420,0.00609937
5440,0.00589314
5460,0.00579469
5480,0.00591643
5500,0.00597777
5520,0.00647118
5540,0.00579527
5560,0.0060171
5580,0.00584486
5600,0.0063503
5620,0.00595816
5640,0.0060219
5660,0.00615683
5680,0.00606282
5700,0.00590665
5720,0.00585677
5740,0.00599273
5760,0.00632736
5780,0.00583764
5800,0.00601862
5820,0.00584029
5840,0.0059053
5860,0.00614915
5880,0.00601564
5900,0.00603614
5920,0.005829
5940,0.00594778
5960,0.00579804
5980,0.00590606
6000,0.00579348
6020,0.00632545
6040,0.00609419
6060,0.00579962
6080,0.00602421
6100,0.00615084
6120,0.00609875
6140,0.00604696
6160,0.00594926
6180,0.00606652
6200,0.00580134
6220,0.00597619
6240,0.00591014
6260,0.0061952
6280,0.00609881
6300,0.00591396
6320,0.00603542
6340,0.00608846
6360,0.00606789
6380,0.00610411
6400,0.00594747
6420,0.00606472
6440,0.00579769
6460,0.00602769
6480,0.0059103
6500,0.00600622
6520,0.00624189
6540,0.00592341
6560,0.00602982
6580,0.00611306
6600,0.00618016
6620,0.00611132
6640,0.00596076
6660,0.00613187
6680,0.00586071
6700,0.00595549
6720,0.00591291
6740,0.00600637
6760,0.0063443
6780,0.00584648
6800,0.00603226
6820,0.00612209
6840,0.00622257
6860,0.00604446
6880,0.00598293
6900,0.00613326
6920,0.00592333
6940,0.00592685
6960,0.00591196
6980,0.00589304
7000,0.00624811
7020,0.00584516
7040,0.00604072
7060,0.00607012
7080,0.0060933
7100,0.00604343
7120,0.00595059
7140,0.00607257
7160,0.00591879
7180,0.0059176
7200,0.00591976
7220,0.00589467
7240,0.00616525
7260,0.00584386
7280,0.00603602
7300,0.00614574
7320,0.00609955
7340,0.00604329
7360,0.00594181
7380,0.00613703
7400,0.00592574
7420,0.00591175
7440,0.00592121
7460,0.0058939
7480,0.00612509
7500,0.00584579
7520,0.00592387
7540,0.00620673
7560,0.00598497
7580,0.00593032
7600,0.00581263
7620,0.00616679
7640,0.00592565
7660,0.00588362
7680,0.00579063
7700,0.00588725
7720,0.00598518
7740,0.00584592
7760,0.00574779
7780,0.00634182
7800,0.00589183
7820,0.00597718
7840,0.00568551
7860,0.00625277
7880,0.0058609
7900,0.00594529
7920,0.00567934
7940,0.00594821
7960,0.00603166
7980,0.00592387
8000,0.00579928
8020,0.00647296
8040,0.00598994
8060,0.00599013
8080,0.00574968
8100,0.00646537
8120,0.00597983
8140,0.00594277
8160,0.00574801
8180,0.00607636
8200,0.00603206
8220,0.00591746
8240,0.00579813
8260,0.00639628
8280,0.00598849
8300,0.00599203
8320,0.00574316
8340,0.00623237
8360,0.00597654
8380,0.00594239
8400,0.00574297
8420,0.00607691
8440,0.00593133
8460,0.00591891
8480,0.00573707
8500,0.00633652
8520,0.0059326
8540,0.00600001
8560,0.00574051
8580,0.00618359
8600,0.00592426
8620,0.00594688
8640,0.00574781
8660,0.00614316
8680,0.00586727
8700,0.00592779
8720,0.00568959
8740,0.00627023
8760,0.00600924
8780,0.00601594
8800,0.00572835
8820,0.00614791
8840,0.00594989
8860,0.00602963
8880,0.00574685
8900,0.00614373
8920,0.0059423
8940,0.00586017
8960,0.00568694
8980,0.00613894
9000,0.00594788
9020,0.00602416
9040,0.005768
9060,0.00607547
9080,0.00562868
9100,0.00578233
9120,0.00532654
9140,0.00557881
9160,0.00512795
9180,0.00508269
9200,0.00476065
9220,0.00501678
9240,0.00479803
9260,0.00465249
9280,0.00426947
9300,0.00448388
9320,0.00428994
9340,0.0041891
9360,0.00377874
9380,0.00392944
9400,0.0036542
9420,0.00371913
9440,0.00339367
9460,0.00339643
9480,0.00323317
9500,0.00325934
9520,0.00295034
9540,0.00293686
9560,0.00279795
9580,0.00275164
9600,0.00249745
9620,0.00252155
9640,0.00238167
9660,0.00238481
9680,0.00225695
9700,0.0022729
9720,0.00217886
9740,0.00217725
9760,0.00209821
9780,0.00210769
9800,0.00206527
9820,0.00201816
9840,0.00193149
9860,0.00195258
9880,0.00183192
9900,0.00184662
9920,0.00160709
9940,0.00160108
