0,7.2003e-05
1080,0.000370038
1100,0.000416718
1120,0.000490998
1140,0.000538746
1160,0.000636317
1180,0.000668734
1200,0.000730736
1220,0.000771512
1240,0.000908972
1260,0.000960759
1280,0.000958807
1300,0.0010661
1320,0.00111262
1340,0.00130945
1360,0.0012948
1380,0.00141163
1400,0.0013876
1420,0.00157462
1440,0.00212049
1460,0.0020569
1480,0.00209759
1500,0.00216774
1520,0.00206811
1540,0.00243994
1560,0.00226174
1580,0.00231264
1600,0.00252852
1620,0.00258409
1640,0.00268217
1660,0.00268094
1680,0.00283105
1700,0.00283244
1720,0.00288958
1740,0.00300346
1760,0.00326001
1780,0.00316997
1800,0.00309491
1820,0.0031019
1840,0.00323889
1860,0.00322173
1880,0.00368985
1900,0.00355497
1920,0.00355213
1940,0.00352005
1960,0.00357385
1980,0.00356952
2000,0.00380849
2020,0.00367319
2040,0.00377351
2060,0.00369699
2080,0.00407123
2100,0.00372332
2120,0.00372313
2140,0.00405705
2160,0.00400326
2180,0.00399472
2200,0.00410052
2220,0.00389272
2240,0.00387065
2260,0.00380086
2280,0.00395845
2300,0.0039028
2320,0.00384178
2340,0.00371188
2360,0.00406544
2380,0.00385256
2400,0.00368207
2420,0.00389542
2440,0.00409562
2460,0.00406837
2480,0.00404601
2500,0.00398286
2520,0.00395254
2540,0.00401187
2560,0.00395595
2580,0.0040685
2600,0.00403657
2620,0.00403412
2640,0.00409009
2660,0.00404907
2680,0.00405417
2700,0.00394713
2720,0.0040356
2740,0.00397536
2760,0.00394192
2780,0.00407926
2800,0.00406991
2820,0.00410247
2840,0.00410777
2860,0.00407946
2880,0.00407963
2900,0.00410358
2920,0.00407507
2940,0.00408061
2960,0.00411279
2980,0.00406869
3000,0.00403932
3020,0.0041026
3040,0.00406014
3060,0.0040417
3080,0.00409676
3100,0.00405237
3120,0.00412454
3140,0.00405741
3160,0.00391916
3180,0.00379828
3200,0.00407952
3220,0.00389051
3240,0.00388361
3260,0.00395822
3280,0.00405039
3300,0.00395735
3320,0.00397971
3340,0.00380449
3360,0.00395026
3380,0.0038451
3400,0.00406326
3420,0.00405155
3440,0.00374655
3460,0.00395749
3480,0.00415995
3500,0.00404623
3520,0.00405237
3540,0.00401106
3560,0.00391458
3580,0.00399649
3600,0.00375801
3620,0.00375643
3640,0.00403532
3660,0.0039958
3680,0.00389842
3700,0.00402849
3720,0.00380936
3740,0.00386871
3760,0.00407719
3780,0.0040587
3800,0.00398449
3820,0.00408564
3840,0.00401711
3860,0.00382825
3880,0.00381761
3900,0.0039419
3920,0.00396892
3940,0.00373663
3960,0.00410024
3980,0.00392722
4000,0.00391772
4020,0.00406255
4040,0.00407599
4060,0.00388687
4080,0.00408963
4100,0.00391079
4120,0.00391616
4140,0.004087
4160,0.00395694
4180,0.00410511
4200,0.00395581
4220,0.00375814
4240,0.00375124
4260,0.00375858
4280,0.00407559
4300,0.00386724
4320,0.00411981
4340,0.00387032
4360,0.00379356
4380,0.00369005
4400,0.00378409
4420,0.00373905
4440,0.00385465
4460,0.00387751
4480,0.00397227
4500,0.00408093
4520,0.00409563
4540,0.00409986
4560,0.00409395
4580,0.00411827
4600,0.00410355
4620,0.00413329
4640,0.00410861
4660,0.00388063
4680,0.0041121
4700,0.00400415
4720,0.00396614
4740,0.00389536
4760,0.00401505
4780,0.00377497
4800,0.00366548
4820,0.004073
4840,0.00373095
4860,0.00367172
4880,0.00407873
4900,0.00388057
4920,0.00366033
4940,0.00365445
4960,0.00371745
4980,0.00363584
5000,0.00365429
5020,0.00374686
5040,0.00370412
5060,0.00362827
5080,0.00366079
5100,0.00385455
5120,0.00373748
5140,0.00381124
5160,0.00407391
5180,0.00376381
5200,0.00369846
5220,0.00377137
5240,0.00367057
5260,0.00365738
5280,0.00367237
5300,0.00364091
5320,0.00382093
5340,0.00367115
5360,0.00370786
5380,0.00369086
5400,0.00366298
5420,0.00368331
5440,0.00408408
5460,0.00379475
5480,0.00375988
5500,0.00384672
5520,0.00382691
5540,0.0037575
5560,0.00371687
5580,0.00370026
5600,0.00369277
5620,0.00376548
5640,0.00406937
5660,0.00370829
5680,0.00392908
5700,0.0037714
5720,0.00410059
5740,0.00366507
5760,0.00364879
5780,0.00392763
5800,0.0038087
5820,0.00385701
5840,0.00375313
5860,0.00379907
5880,0.00369611
5900,0.00371156
5920,0.00377192
5940,0.00366928
5960,0.00372809
5980,0.00402451
6000,0.00399634
6020,0.0037037
6040,0.00368135
6060,0.00401291
6080,0.00375267
6100,0.0036957
6120,0.00364439
6140,0.00362263
6160,0.00362308
6180,0.00367448
6200,0.0038684
6220,0.00382585
6240,0.00397056
6260,0.00408395
6280,0.00410894
6300,0.00410119
6320,0.00368273
6340,0.00370814
6360,0.0037777
6380,0.00372091
6400,0.00377558
6420,0.00396919
6440,0.00369902
6460,0.00369353
6480,0.00371305
6500,0.0037808
6520,0.00381772
6540,0.00406881
6560,0.00403314
6580,0.00369929
6600,0.00364089
6620,0.0036904
6640,0.00374506
6660,0.00367513
6680,0.00381677
6700,0.00388074
6720,0.00368869
6740,0.00367452
6760,0.00392699
6780,0.00386182
6800,0.00368455
6820,0.00404181
6840,0.00392762
6860,0.00366052
6880,0.00363779
6900,0.00407761
6920,0.00380091
6940,0.00371504
6960,0.0038659
6980,0.00407937
7000,0.00399212
7020,0.00382504
7040,0.0039166
7060,0.00377378
7080,0.00370446
7100,0.00408985
7120,0.00392233
7140,0.0037926
7160,0.00375448
7180,0.00385055
7200,0.00381631
7220,0.00373677
7240,0.00369347
7260,0.00362074
7280,0.00364277
7300,0.00368428
7320,0.00371172
7340,0.00373386
7360,0.00380502
7380,0.00406066
7400,0.0038372
7420,0.00374142
7440,0.00377673
7460,0.00378333
7480,0.00369882
7500,0.00368048
7520,0.00366831
7540,0.00363919
7560,0.00367472
7580,0.00371887
7600,0.00375309
7620,0.0037075
7640,0.00364195
7660,0.00406802
7680,0.00381201
7700,0.00365911
7720,0.00378721
7740,0.00367598
7760,0.00370339
7780,0.00363943
7800,0.00361653
7820,0.00363105
7840,0.00362021
7860,0.00399038
7880,0.00381251
7900,0.00385186
7920,0.0037777
7940,0.0040745
7960,0.00387595
7980,0.00385315
8000,0.00389802
8020,0.00374983
8040,0.0037589
8060,0.00371249
8080,0.00363863
8100,0.00383665
8120,0.00380457
8140,0.00405613
8160,0.00403313
8180,0.00397304
8200,0.00395776
8220,0.00406857
8240,0.00408054
8260,0.0037897
8280,0.00403262
8300,0.00397517
8320,0.00401183
8340,0.00409872
8360,0.00406189
8380,0.00382228
8400,0.00370283
8420,0.00388376
8440,0.0038074
8460,0.00372577
8480,0.00367767
8500,0.00363083
8520,0.00412046
8540,0.00381825
8560,0.00385904
8580,0.00399692
8600,0.00398125
8620,0.00378553
8640,0.00364448
8660,0.00361621
8680,0.00363752
8700,0.00374107
8720,0.00363623
8740,0.00386411
8760,0.00370059
8780,0.00364489
8800,0.00408333
8820,0.00397472
8840,0.00384198
8860,0.00376915
8880,0.00379607
8900,0.00366628
8920,0.00404047
8940,0.00376292
8960,0.0040681
8980,0.00398581
9000,0.00372437
9020,0.0035716
9040,0.00352136
9060,0.00349419
9080,0.00380938
9100,0.00370796
9120,0.00367981
9140,0.00346219
9160,0.00329797
9180,0.00316822
9200,0.00310358
9220,0.0030139
9240,0.00297507
9260,0.00289497
9280,0.00284915
9300,0.00286089
9320,0.00271409
9340,0.00259874
9360,0.00255865
9380,0.00247459
9400,0.0023971
9420,0.00234457
9440,0.00224764
9460,0.00248351
9480,0.00224477
9500,0.00212083
9520,0.00199584
9540,0.00196051
9560,0.00191926
9580,0.00179238
9600,0.00158165
9620,0.00136168
9640,0.00134517
9660,0.00122113
9680,0.00116833
9700,0.00107173
9720,0.0010138
9740,0.000938769
9760,0.000875337
9780,0.000801436
9800,0.000748061
9820,0.000659712
9840,0.000611855
9860,0.000530828
9880,0.000477662
9900,0.000418813
9920,0.00037227
9940,0.000324434
