0,8.6524e-05
1080,0.000140209
1100,0.000179843
1120,0.000203058
1140,0.000179289
1160,0.000189271
1180,0.000187135
1200,0.000196327
1220,0.000200521
1240,0.000209833
1260,0.000221308
1280,0.00022219
1300,0.000232148
1320,0.000232465
1340,0.000232049
1360,0.000244715
1380,0.000242493
1400,0.000266641
1420,0.000255186
1440,0.000269713
1460,0.00026906
1480,0.000281395
1500,0.00027561
1520,0.000287558
1540,0.000285927
1560,0.000300203
1580,0.000295775
1600,0.000307558
1620,0.000313547
1640,0.000317006
1660,0.000333997
1680,0.00035326
1700,0.000331321
1720,0.000343927
1740,0.000340234
1760,0.000351549
1780,0.000346089
1800,0.00033438
1820,0.000346013
1840,0.000365754
1860,0.000347212
1880,0.000360921
1900,0.00037614
1920,0.000367283
1940,0.000363223
1960,0.000378317
1980,0.000374397
2000,0.000394577
2020,0.000375314
2040,0.000373307
2060,0.000380474
2080,0.000374978
2100,0.000371718
2120,0.000397414
2140,0.000376042
2160,0.000373645
2180,0.000377912
2200,0.000378333
2220,0.000378005
2240,0.000382937
2260,0.00037495
2280,0.000376501
2300,0.000375135
2320,0.000375754
2340,0.000372521
2360,0.000375388
2380,0.000372771
2400,0.000396437
2420,0.000374967
2440,0.000374496
2460,0.000375769
2480,0.000372599
2500,0.000373762
2520,0.000378246
2540,0.000373994
2560,0.00037571
2580,0.000377549
2600,0.00037262
2620,0.000393538
2640,0.000398637
2660,0.000376531
2680,0.000380321
2700,0.000372694
2720,0.000399208
2740,0.000374115
2760,0.000386284
2780,0.000375956
2800,0.000374957
2820,0.000376451
2840,0.000374845
2860,0.000376901
2880,0.000379017
2900,0.000374705
2920,0.000377367
2940,0.00037727
2960,0.000372569
2980,0.000397912
3000,0.000376223
3020,0.000374672
3040,0.000376262
3060,0.000372109
3080,0.000374972
3100,0.000374544
3120,0.000373993
3140,0.000373478
3160,0.000377343
3180,0.000373459
3200,0.000375851
3220,0.000371742
3240,0.000391317
3260,0.000376164
3280,0.000374371
3300,0.000379755
3320,0.000374214
3340,0.00037902
3360,0.000375237
3380,0.000377881
3400,0.000379309
3420,0.000376005
3440,0.000377448
3460,0.000379139
3480,0.000395515
3500,0.00039544
3520,0.000394069
3540,0.000373657
3560,0.000374578
3580,0.00037869
3600,0.000376848
3620,0.000375602
3640,0.000374516
3660,0.000374406
3680,0.000376008
3700,0.000375077
3720,0.000372361
3740,0.000396524
3760,0.000373893
3780,0.000373988
3800,0.000375987
3820,0.00037354
3840,0.000381225
3860,0.000379863
3880,0.000377559
3900,0.00037656
3920,0.000373712
3940,0.000373997
3960,0.000389647
3980,0.000384951
4000,0.000373521
4020,0.000375426
4040,0.000374132
4060,0.000393001
4080,0.000373647
4100,0.00038053
4120,0.000376214
4140,0.000374679
4160,0.000375282
4180,0.00037849
4200,0.000373844
4220,0.000374963
4240,0.000396692
4260,0.000378167
4280,0.000375592
4300,0.000380978
4320,0.000377638
4340,0.000376293
4360,0.000373627
4380,0.000387654
4400,0.000376057
4420,0.000375909
4440,0.000391788
4460,0.000373737
4480,0.000374989
4500,0.000377642
4520,0.000377033
4540,0.000372922
4560,0.000378356
4580,0.000373347
4600,0.000396037
4620,0.000374786
4640,0.000375856
4660,0.000375262
4680,0.000393662
4700,0.000438983
4720,0.000378064
4740,0.000376419
4760,0.000376581
4780,0.00037599
4800,0.000376603
4820,0.000379786
4840,0.000375885
4860,0.000378162
4880,0.000377776
4900,0.000374787
4920,0.000388772
4940,0.000376925
4960,0.000393846
4980,0.000379452
5000,0.000374862
5020,0.000374267
5040,0.000375248
5060,0.000375923
5080,0.000373739
5100,0.000374051
5120,0.000375975
5140,0.000372624
5160,0.000394305
5180,0.000378387
5200,0.000381784
5220,0.000376614
5240,0.000376338
5260,0.00037477
5280,0.000374126
5300,0.000376928
5320,0.000395381
5340,0.000396284
5360,0.000383287
5380,0.000374262
5400,0.000380645
5420,0.000377069
5440,0.000374167
5460,0.000375523
5480,0.000373925
5500,0.00037832
5520,0.000378942
5540,0.000379376
5560,0.000374549
5580,0.000373631
5600,0.000392989
5620,0.000376255
5640,0.000374667
5660,0.000377965
5680,0.000376228
5700,0.000374592
5720,0.000373999
5740,0.00037208
5760,0.000376432
5780,0.000374642
5800,0.000373927
5820,0.000376213
5840,0.000376758
5860,0.000395987
5880,0.000375443
5900,0.000394495
5920,0.000377258
5940,0.000374354
5960,0.000376496
5980,0.000375172
6000,0.000374007
6020,0.00037613
6040,0.000377148
6060,0.000376401
6080,0.000394034
6100,0.000373392
6120,0.000386
6140,0.000374649
6160,0.000374605
6180,0.000375286
6200,0.000373257
6220,0.000376921
6240,0.000375422
6260,0.000373737
6280,0.000377266
6300,0.000373555
6320,0.000395298
6340,0.000378958
6360,0.000375815
6380,0.000373699
6400,0.000372436
6420,0.000373707
6440,0.000377477
6460,0.000375796
6480,0.000373573
6500,0.0003738
6520,0.000373866
6540,0.000395797
6560,0.000387559
6580,0.000376155
6600,0.000372808
6620,0.000373671
6640,0.000376096
6660,0.000381214
6680,0.000375741
6700,0.000373988
6720,0.000374992
6740,0.000373136
6760,0.000394424
6780,0.000371174
6800,0.00037293
6820,0.000372071
6840,0.000373587
6860,0.000374422
6880,0.000394688
6900,0.000372067
6920,0.000378409
6940,0.000374269
6960,0.000422353
6980,0.000394014
7000,0.000398584
7020,0.000383411
7040,0.000380888
7060,0.000372597
7080,0.000374501
7100,0.000373605
7120,0.00039697
7140,0.000374543
7160,0.000374587
7180,0.000375541
7200,0.000418342
7220,0.000383174
7240,0.000383171
7260,0.000375131
7280,0.000378872
7300,0.000375794
7320,0.000374935
7340,0.000376441
7360,0.000380603
7380,0.000386735
7400,0.000378544
7420,0.000398579
7440,0.000392779
7460,0.000380369
7480,0.000376249
7500,0.000379404
7520,0.000380118
7540,0.000376048
7560,0.000374572
7580,0.000375092
7600,0.00038224
7620,0.000376556
7640,0.000373053
7660,0.000397672
7680,0.000388644
7700,0.000381804
7720,0.000380609
7740,0.000378911
7760,0.000382895
7780,0.000378624
7800,0.000373628
7820,0.00037892
7840,0.000374087
7860,0.000381675
7880,0.000375274
7900,0.000376464
7920,0.000379371
7940,0.000380268
7960,0.000395614
7980,0.000378551
8000,0.000378409
8020,0.000373933
8040,0.00037924
8060,0.00037957
8080,0.000383755
8100,0.000376182
8120,0.000375591
8140,0.000395297
8160,0.000393067
8180,0.000378654
8200,0.000376552
8220,0.000379676
8240,0.000380543
8260,0.00037843
8280,0.000375055
8300,0.000375778
8320,0.00037423
8340,0.000377169
8360,0.000396303
8380,0.000377059
8400,0.000377377
8420,0.000377864
8440,0.000384974
8460,0.000379676
8480,0.000381717
8500,0.000378397
8520,0.000382537
8540,0.000376454
8560,0.000376844
8580,0.000398176
8600,0.00037748
8620,0.000382923
8640,0.000379317
8660,0.000398755
8680,0.000374988
8700,0.000376719
8720,0.000378454
8740,0.000376912
8760,0.000375816
8780,0.000380731
8800,0.000379813
8820,0.000396757
8840,0.000377689
8860,0.000376051
8880,0.000377971
8900,0.000377633
8920,0.000377
8940,0.000380088
8960,0.000382222
8980,0.000377487
9000,0.000379401
9020,0.000375505
9040,0.000397464
9060,0.000377628
9080,0.000365955
9100,0.000365973
9120,0.000360238
9140,0.000359135
9160,0.00035382
9180,0.000347668
9200,0.000338421
9220,0.000339236
9240,0.000327612
9260,0.000332505
9280,0.000318921
9300,0.000320304
9320,0.000307523
9340,0.000312912
9360,0.000298866
9380,0.000299385
9400,0.000285975
9420,0.000287707
9440,0.000296999
9460,0.00028035
9480,0.000266824
9500,0.000265782
9520,0.000266853
9540,0.000257813
9560,0.000249361
9580,0.000268772
9600,0.000246313
9620,0.000242755
9640,0.000226225
9660,0.000228928
9680,0.000219417
9700,0.000218203
9720,0.000207951
9740,0.000206649
9760,0.000198432
9780,0.000198622
9800,0.000186611
9820,0.000191283
9840,0.00017736
9860,0.000177584
9880,0.000159688
9900,0.000165919
9920,0.000158021
9940,0.000156972
